{
    "grupos":[
        {
            "sId": "a01",
            "sLetra": "A",
            "sDescripcion": "primero A",
            "sUsuario": "Lasillo",
            "dFechaAlta":"18-10-2022",
            "bActivo": true
        },
        {
            "sId": "b01",
            "sLetra": "B",
            "sDescripcion": "primero B",
            "sUsuario": "Lasillo",
            "dFechaAlta":"18-10-2022",
            "bActivo": true
        }
    ],
    "alumno":[
        {
            "nId": 1,
            "sNombre": "José Antonio",
            "sApellidos": "Domínguez Vela",
            "sIdGrupo":"a01",
            "sSexo":"M",
            "nEdad":13,
            "sNombreTutor":"Trinidad Vela Lopez",
            "sCorreoTutor": "trinivela@gmail.com",
            "sUsuario": "Lasillo",
            "dFechaAlta":"18-10-2022",
            "bActivo": true
        },
        {
            "nId": 2,
            "sNombre": "Abraham",
            "sApellidos": "Sorcia Vela",
            "sIdGrupo":"b01",
            "sSexo":"M",
            "nEdad":13,
            "sNombreTutor":"Trinidad Vela Lopez",
            "sCorreoTutor": "trinivela@gmail.com",
            "sUsuario": "Lasillo",
            "dFechaAlta":"18-10-2022",
            "bActivo": true
        }
    ]
}